filename,name
Acalov Aslan Ağa Musa oğlu.jpeg,Acalov Aslan Ağa Musa oğlu
Acalov Həmzə İsmayıl oğlu.jpeg,Acalov Həmzə İsmayıl oğlu
Acalov Niyazi Rəşid oğlu.jpeg,Acalov Niyazi Rəşid oğlu
Ayvazov Nadir Adil oğlu (Nazirov Andrey).png,Ayvazov Nadir Adil oğlu (Nazirov Andrey)
Ayvazov Novruz Məhəmməd oğlu.jpeg,Ayvazov Novruz Məhəmməd oğlu
Ayvazov Rəşid Məhəmməd oğlu.png,Ayvazov Rəşid Məhəmməd oğlu
Bayramov Ömər Osman oğlu.png,Bayramov Ömər Osman oğlu
Budaqov Musa Osman oğlu.png,Budaqov Musa Osman oğlu
Bədəlov İsmayıl Qarabogaz oğlu.png,Bədəlov İsmayıl Qarabogaz oğlu
Bəkirov Oruc Şamil oğlu.png,Bəkirov Oruc Şamil oğlu
Göyüşov Hüseyn İskəndər oğlu.png,Göyüşov Hüseyn İskəndər oğlu
Göyüşov İbrahım Məhəmməd oğlu.png,Göyüşov İbrahım Məhəmməd oğlu
Göyüşov Oruc İskəndər oğlu.png,Göyüşov Oruc İskəndər oğlu
Göyüşov Rəcəb İskəndər oğlu.png,Göyüşov Rəcəb İskəndər oğlu
Göyüşov Rəşid İskəndər oğlu.png,Göyüşov Rəşid İskəndər oğlu
Ğöyüşov Məhərrəm Məhəmməd oğlu.png,Ğöyüşov Məhərrəm Məhəmməd oğlu
Hacıməmmədov Meydanalı Nebi oğlu.png,Hacıməmmədov Meydanalı Nebi oğlu
Mehdiyev Xıdır Mansır oğlu.png,Mehdiyev Xıdır Mansır oğlu
Miriyev Ilyaz Xidir oğlu.png,Miriyev Ilyaz Xidir oğlu
Mollayev Omar Abdulla oğlu.png,Mollayev Omar Abdulla oğlu
Mollayev Uğurlu Abdulla oğlu.png,Mollayev Uğurlu Abdulla oğlu
Musayev Mustafa Abdulla oğlu.png,Musayev Mustafa Abdulla oğlu
Mustafayev Namaz Ömər oğlu.png,Mustafayev Namaz Ömər oğlu
Nəsibov Həşim Humbət oğlu.png,Nəsibov Həşim Humbət oğlu
Ömərov Həmzə Qurban oğlu.png,Ömərov Həmzə Qurban oğlu
Qarabayramov Nəsib Xıdır oğlu.png,Qarabayramov Nəsib Xıdır oğlu
Qarabayramov Yusif Xıdır oğlu.png,Qarabayramov Yusif Xıdır oğlu
Qasımov Ədil Omar oğlu.png,Qasımov Ədil Omar oğlu
Qocayev İlyas  Aslan oğlu.png,Qocayev İlyas Aslan oğlu
Quliyev İsmayıl İsa oğlu.png,Quliyev İsmayıl İsa oğlu
Qırxıyev Rəhim Mahmud oğlu.png,Qırxıyev Rəhim Mahmud oğlu
Talıbov Məhəmməd Haqverdi oğlu.png,Talıbov Məhəmməd Haqverdi oğlu
Veysalov Məhəmməd İsmayıl oğlu.png,Veysalov Məhəmməd İsmayıl oğlu
Xəlilov İlyaz Qoca oğlu.png,Xəlilov İlyaz Qoca oğlu
Xəlilov Məmməd(Məti) Qoca oğlu.jpg,Xəlilov Məmməd(Məti) Qoca oğlu
Yusibov Novruz İsgəndər oğlu.png,Yusibov Novruz İsgəndər oğlu
Yusubov Alı Ismayil oğlu.png,Yusubov Alı Ismayil oğlu
Zərgərov Mamed Yunis oğlu.png,Zərgərov Mamed Yunis oğlu
Zərgərov Qurban.png,Zərgərov Qurban
